"","variable","Heuchera_woodsiaphila"
"1",47.25,0.33333333333
"2",46.75,0.33333333333
"3",48.75,0.33333333333
