"","variable","Heuchera_caespitosa"
"1",11.16712,0.1
"2",10.88259,0.1
"3",2.56752,0.1
"4",4.62795,0.1
"5",6.03917,0.1
"6",4.98285,0.1
"7",6.73198,0.1
"8",3.00357,0.1
"9",3.51805,0.1
"10",2.03529,0.1
