"","variable","Heuchera_woodsiaphila"
"1",64,0.33333333333
"2",65,0.33333333333
"3",77,0.33333333333
