"","variable","Heuchera_woodsiaphila"
"1",4.186319351,0.33333333333
"2",13.41447639,0.33333333333
"3",13.28429413,0.33333333333
