"","variable","Heuchera_wellsiae"
"1",6.509305,0.25
"2",4.175462246,0.25
"3",7.775890827,0.25
"4",11.32121086,0.25
