"","variable","Heuchera_woodsiaphila"
"1",66,0.33333333333
"2",68.5,0.33333333333
"3",68.5,0.33333333333
