"","variable","Heuchera_woodsiaphila"
"1",301,0.33333333333
"2",302,0.33333333333
"3",313,0.33333333333
