"","variable","Heuchera_lakelae"
"1",371,0.14285714285
"2",330,0.14285714285
"3",332,0.14285714285
"4",323,0.14285714285
"5",331,0.14285714285
"6",331,0.14285714285
"7",346,0.14285714285
