"","variable","Heuchera_lakelae"
"1",417,0.14285714285
"2",721,0.14285714285
"3",697,0.14285714285
"4",761,0.14285714285
"5",701,0.14285714285
"6",705,0.14285714285
"7",591,0.14285714285
