"","variable","Heuchera_woodsiaphila"
"1",617,0.33333333333
"2",606,0.33333333333
"3",545,0.33333333333
