"","variable","Heuchera_woodsiaphila"
"1",85,0.33333333333
"2",83,0.33333333333
"3",71,0.33333333333
