"","variable","Heuchera_woodsiaphila"
"1",37.5,0.33333333333
"2",28.25,0.33333333333
"3",32.75,0.33333333333
