"","variable","Heuchera_woodsiaphila"
"1",24.75,0.33333333333
"2",32.75,0.33333333333
"3",28.75,0.33333333333
