"","variable","Heuchera_woodsiaphila"
"1",2874,0.33333333333
"2",2804,0.33333333333
"3",2560,0.33333333333
