"","variable","Heuchera_woodsiaphila"
"1",0,0.33333333333
"2",15,0.33333333333
"3",31,0.33333333333
