"","variable","Heuchera_woodsiaphila"
"1",78,0.33333333333
"2",70,0.33333333333
"3",58,0.33333333333
